DeclaredCounty/Area,State,DistinctDisasterNumbers,Latitude (generated),Longitude (generated)
Uinta,Wyoming,1,41.3156,-110.5477
Sweetwater,Wyoming,1,41.6405,-108.9887
Sublette,Wyoming,1,42.8671,-109.9565
Lincoln,Wyoming,1,42.4553,-110.8185
Wood,Wisconsin,1,44.4689,-90.0212
Winnebago,Wisconsin,1,44.0677,-88.6452
Waushara,Wisconsin,1,44.1173,-89.2418
Waupaca,Wisconsin,1,44.4525,-88.9801
Waukesha,Wisconsin,1,43.0181,-88.3044
Washington,Wisconsin,1,43.3686,-88.2293
Washburn,Wisconsin,1,45.9017,-91.7871
Walworth,Wisconsin,1,42.6678,-88.5413
Vilas,Wisconsin,1,46.0789,-89.4371
Vernon,Wisconsin,1,43.5769,-90.7714
Trempealeau,Wisconsin,1,44.2856,-91.3478
Taylor,Wisconsin,1,45.2065,-90.4856
St. Croix,Wisconsin,1,45.0351,-92.4543
Shawano,Wisconsin,1,44.8071,-88.7375
Sawyer,Wisconsin,1,45.902,-91.1097
Sauk,Wisconsin,1,43.3945,-89.8965
Rusk,Wisconsin,1,45.4691,-91.1092
Rock,Wisconsin,1,42.6692,-89.072
Richland,Wisconsin,1,43.3664,-90.4289
Price,Wisconsin,1,45.6691,-90.3605
Portage,Wisconsin,1,44.4745,-89.475
Polk,Wisconsin,1,45.4696,-92.4193
Pierce,Wisconsin,1,44.7034,-92.4259
Pepin,Wisconsin,1,44.5458,-92.0873
Outagamie,Wisconsin,1,44.419,-88.4637
Oneida,Wisconsin,1,45.6879,-89.5447
Oconto,Wisconsin,1,45.0268,-88.3037
Monroe,Wisconsin,1,43.9434,-90.6118
Menominee,Wisconsin,1,44.9899,-88.7347
Marquette,Wisconsin,1,43.8129,-89.3981
Marinette,Wisconsin,1,45.382,-88.1503
Marathon,Wisconsin,1,44.8951,-89.7693
Lincoln,Wisconsin,1,45.3385,-89.7354
Langlade,Wisconsin,1,45.2517,-89.0523
Lafayette,Wisconsin,1,42.6602,-90.1317
La Crosse,Wisconsin,1,43.9075,-91.1276
Kewaunee,Wisconsin,1,44.5033,-87.6245
Juneau,Wisconsin,1,43.9467,-90.1322
Jefferson,Wisconsin,1,43.0217,-88.7768
Jackson,Wisconsin,1,44.3311,-90.7417
Iron,Wisconsin,1,46.287,-90.2401
Iowa,Wisconsin,1,43.0094,-90.1334
Green Lake,Wisconsin,1,43.8078,-89.0268
Green,Wisconsin,1,42.6775,-89.6024
Grant,Wisconsin,1,42.8621,-90.7628
Forest,Wisconsin,1,45.729,-88.8616
Fond du Lac,Wisconsin,1,43.7377,-88.5229
Florence,Wisconsin,1,45.8674,-88.3756
Eau Claire,Wisconsin,1,44.7306,-91.286
Dunn,Wisconsin,1,44.9461,-91.8932
Douglas,Wisconsin,1,46.4537,-91.9223
Door,Wisconsin,1,44.9881,-87.267
Dodge,Wisconsin,1,43.413,-88.7032
Dane,Wisconsin,1,43.073,-89.4247
Crawford,Wisconsin,1,43.2104,-90.8849
Columbia,Wisconsin,1,43.4614,-89.3035
Clark,Wisconsin,1,44.7321,-90.6192
Chippewa,Wisconsin,1,45.0767,-91.2876
Calumet,Wisconsin,1,44.0612,-88.2235
Burnett,Wisconsin,1,45.8994,-92.363
Buffalo,Wisconsin,1,44.3147,-91.722
Brown,Wisconsin,1,44.4646,-87.9779
Bayfield,Wisconsin,1,46.5601,-91.2402
Barron,Wisconsin,1,45.4265,-91.8486
Ashland,Wisconsin,1,46.3491,-90.7366
Adams,Wisconsin,1,43.9464,-89.7748
Wyoming,West Virginia,1,37.6036,-81.5699
Summers,West Virginia,2,37.6488,-80.8773
Raleigh,West Virginia,1,37.7493,-81.1743
Pocahontas,West Virginia,1,38.3891,-79.9839
Pendleton,West Virginia,2,38.6854,-79.3411
Monroe,West Virginia,2,37.5557,-80.5468
Mineral,West Virginia,2,39.4433,-78.8643
Mercer,West Virginia,1,37.4167,-81.0766
Hardy,West Virginia,2,38.9993,-78.8269
Hampshire,West Virginia,2,39.3147,-78.6304
Greenbrier,West Virginia,2,37.976,-80.4033
Grant,West Virginia,2,39.0712,-79.1885
Fayette,West Virginia,1,38.0418,-81.0963
Yakima,Washington,1,46.5669,-120.6488
Whitman,Washington,1,46.8409,-117.522
Stevens,Washington,1,48.3997,-117.8489
Spokane,Washington,1,47.6423,-117.4305
Pend Oreille,Washington,1,48.5392,-117.2681
Lincoln,Washington,1,47.6123,-118.3998
Klickitat,Washington,1,45.8257,-120.7766
Kittitas,Washington,1,47.1679,-120.6629
Grant,Washington,1,47.284,-119.492
Franklin,Washington,1,46.4669,-118.9422
Ferry,Washington,1,48.4175,-118.5235
Douglas,Washington,1,47.6869,-119.7491
Chelan,Washington,1,47.9098,-120.5391
Benton,Washington,1,46.2826,-119.5709
Asotin,Washington,1,46.2299,-117.1874
Adams,Washington,1,46.9968,-118.4708
Wythe,Virginia,1,36.9145,-81.0571
Washington,Virginia,1,36.7615,-81.9556
Warren,Virginia,1,38.8968,-78.1977
Tazewell,Virginia,1,37.1358,-81.6058
Sussex,Virginia,1,36.9125,-77.2851
Stafford,Virginia,1,38.4174,-77.4766
Spotsylvania,Virginia,1,38.1861,-77.6566
Smyth,Virginia,1,36.823,-81.5102
Shenandoah,Virginia,2,38.8538,-78.5869
Russell,Virginia,1,36.9262,-82.0747
Rockingham,Virginia,2,38.5292,-78.9401
Rockbridge,Virginia,1,37.8101,-79.4404
Roanoke,Virginia,1,37.2655,-80.1509
Richmond,Virginia,1,37.9603,-76.7345
Rappahannock,Virginia,1,38.6922,-78.1291
Prince William,Virginia,1,38.7221,-77.4444
Prince George,Virginia,1,37.1589,-77.2486
Prince Edward,Virginia,2,37.2386,-78.4589
Powhatan,Virginia,2,37.5527,-77.8872
Pittsylvania,Virginia,2,36.8385,-79.3957
Patrick,Virginia,1,36.7075,-80.274
Page,Virginia,2,38.6265,-78.4806
Orange,Virginia,1,38.2553,-77.9908
Nottoway,Virginia,2,37.1384,-78.0695
New Kent,Virginia,1,37.5016,-76.9992
Nelson,Virginia,2,37.7921,-78.9043
Montgomery,Virginia,1,37.1748,-80.3743
Middlesex,Virginia,1,37.6405,-76.6329
Mecklenburg,Virginia,2,36.7165,-78.3332
Madison,Virginia,1,38.429,-78.2789
Lunenburg,Virginia,2,36.9432,-78.2456
Louisa,Virginia,1,37.941,-77.934
Lee,Virginia,1,36.7435,-82.9795
Lancaster,Virginia,1,37.7254,-76.4625
King William,Virginia,1,37.7166,-77.1211
King George,Virginia,1,38.2712,-77.1806
Highland,Virginia,1,38.3866,-79.5178
Henry,Virginia,1,36.6989,-79.9864
Henrico,Virginia,1,37.5317,-77.3031
Hanover,Virginia,2,37.7717,-77.5521
Halifax,Virginia,1,36.803,-78.9171
Greensville,Virginia,1,36.7217,-77.5729
Greene,Virginia,1,38.3303,-78.4797
Grayson,Virginia,2,36.6833,-81.2368
Goochland,Virginia,2,37.7345,-77.9668
Giles,Virginia,1,37.3145,-80.668
Frederick,Virginia,1,39.2372,-78.2234
Franklin,Virginia,2,37.0076,-79.8606
Fluvanna,Virginia,1,37.8456,-78.2738
Floyd,Virginia,1,36.9111,-80.4084
Fauquier,Virginia,1,38.7121,-77.8162
Essex,Virginia,1,37.9457,-76.9732
Dinwiddie,Virginia,2,37.0729,-77.6462
Cumberland,Virginia,2,37.526,-78.2218
Culpeper,Virginia,1,38.5056,-78.0018
Craig,Virginia,1,37.4878,-80.1897
Clarke,Virginia,1,39.1225,-77.9705
Chesterfield,Virginia,2,37.3899,-77.6298
Charlotte,Virginia,2,36.9742,-78.6045
Charles City,Virginia,1,37.3618,-77.0793
Caroline,Virginia,1,38.0149,-77.3703
Campbell,Virginia,2,37.2284,-79.0965
Buckingham,Virginia,2,37.5633,-78.5588
Brunswick,Virginia,2,36.7851,-77.8417
Botetourt,Virginia,1,37.5543,-79.7551
Bland,Virginia,1,37.1272,-81.0776
Bedford,Virginia,2,37.3125,-79.5652
Bath,Virginia,1,38.0555,-79.7352
Augusta,Virginia,2,38.1803,-79.3064
Appomattox,Virginia,2,37.3799,-78.7934
Amherst,Virginia,2,37.6,-79.1631
Amelia,Virginia,2,37.3461,-78.0427
Alleghany,Virginia,1,37.7788,-80.1069
Albemarle,Virginia,1,38.0006,-78.5618
Addison,Vermont,1,44.0288,-73.078
,Vermont,1,,
Weber,Utah,1,41.2554,-111.8947
Wayne,Utah,1,38.33,-110.9058
Washington,Utah,1,37.3071,-113.4764
Wasatch,Utah,1,40.2966,-111.135
Uintah,Utah,1,40.1698,-109.5135
Tooele,Utah,1,40.4924,-113.1134
Summit,Utah,1,40.9014,-110.7554
Sevier,Utah,1,38.7797,-111.7638
Sanpete,Utah,1,39.4342,-111.5243
San Juan,Utah,1,37.7516,-109.7449
Rich,Utah,1,41.5725,-111.2382
Piute,Utah,1,38.3283,-112.093
Morgan,Utah,1,41.0775,-111.6511
Millard,Utah,1,39.0955,-113.0316
Kane,Utah,1,37.2729,-111.8853
Juab,Utah,1,39.6657,-112.8826
Iron,Utah,1,37.8165,-113.3138
Grand,Utah,1,39.0017,-109.5967
Garfield,Utah,1,37.8459,-111.4965
Emery,Utah,1,39.1047,-110.7079
Duchesne,Utah,1,40.3319,-110.4366
Davis,Utah,1,40.9641,-112.0929
Daggett,Utah,1,40.8298,-109.6975
Carbon,Utah,1,39.641,-110.6021
Cache,Utah,1,41.6848,-111.7322
Box Elder,Utah,1,41.5026,-112.9735
Beaver,Utah,1,38.362,-113.2065
Zavala,Texas,1,28.8648,-99.7623
Young,Texas,1,33.1668,-98.6883
Wise,Texas,1,33.2115,-97.6555
Wilson,Texas,1,29.1652,-98.0851
Williamson,Texas,1,30.6541,-97.6352
Wilbarger,Texas,1,34.1523,-99.2142
Wichita,Texas,1,33.9973,-98.6882
Wharton,Texas,1,29.299,-96.221
Webb,Texas,1,27.7332,-99.288
Washington,Texas,1,30.2215,-96.4299
Waller,Texas,1,29.9884,-95.9999
Walker,Texas,1,30.795,-95.5934
Victoria,Texas,1,28.7954,-96.9415
Van Zandt,Texas,1,32.6033,-95.8351
Val Verde,Texas,1,29.7645,-101.0491
Uvalde,Texas,1,29.3551,-99.7622
Upton,Texas,1,31.369,-102.0443
Travis,Texas,1,30.3252,-97.7773
Tom Green,Texas,1,31.3893,-100.4023
Throckmorton,Texas,1,33.1541,-99.2122
Terrell,Texas,1,30.2125,-102.1628
Taylor,Texas,1,32.3045,-99.8901
Tarrant,Texas,1,32.7708,-97.2917
Sutton,Texas,1,30.4919,-100.5386
Stonewall,Texas,1,33.1802,-100.2535
Sterling,Texas,1,31.8222,-101.0451
Stephens,Texas,1,32.7377,-98.836
Somervell,Texas,1,32.2014,-97.7856
Shackelford,Texas,1,32.7367,-99.354
Scurry,Texas,1,32.7541,-100.9166
Schleicher,Texas,1,30.9013,-100.539
San Saba,Texas,1,31.2064,-98.8303
Runnels,Texas,1,31.839,-99.9766
Rockwall,Texas,1,32.8972,-96.4077
Robertson,Texas,1,31.0267,-96.5129
Real,Texas,1,29.853,-99.8126
Reagan,Texas,1,31.3693,-101.523
Parker,Texas,1,32.7816,-97.8046
Palo Pinto,Texas,1,32.7706,-98.3186
Nolan,Texas,1,32.3092,-100.4063
Navarro,Texas,1,32.0628,-96.4755
Motley,Texas,1,34.0728,-100.7798
Montgomery,Texas,1,30.3293,-95.5146
Montague,Texas,1,33.7131,-97.732
Mitchell,Texas,1,32.2991,-100.9214
Mills,Texas,1,31.4778,-98.6518
Milam,Texas,1,30.7849,-96.9758
Midland,Texas,1,31.8364,-102.0316
Menard,Texas,1,30.9164,-99.8004
Medina,Texas,1,29.4024,-99.1087
McMullen,Texas,1,28.3555,-98.5677
McLennan,Texas,1,31.5514,-97.2004
McCulloch,Texas,1,31.217,-99.3467
Maverick,Texas,1,28.6426,-100.2812
Mason,Texas,1,30.7183,-99.2239
Martin,Texas,1,32.299,-101.9515
Madison,Texas,1,30.9585,-95.9474
Lynn,Texas,1,33.179,-101.8167
Lubbock,Texas,1,33.6145,-101.8206
Llano,Texas,1,30.704,-98.6891
Live Oak,Texas,1,28.4249,-98.1422
Limestone,Texas,1,31.5165,-96.5516
Leon,Texas,1,31.3146,-95.9962
Lee,Texas,1,30.2949,-96.8887
Lavaca,Texas,1,29.3566,-96.8972
Lampasas,Texas,1,31.2393,-98.2864
La Salle,Texas,1,28.301,-99.0981
Knox,Texas,1,33.6159,-99.7337
Kinney,Texas,1,29.3544,-100.4105
King,Texas,1,33.6116,-100.2558
Kimble,Texas,1,30.4915,-99.7102
Kerr,Texas,1,30.0494,-99.3054
Kent,Texas,1,33.1797,-100.7781
Kendall,Texas,1,29.93,-98.6715
Kaufman,Texas,1,32.5982,-96.2991
Karnes,Texas,1,28.9476,-97.9006
Jones,Texas,1,32.7392,-99.8789
Johnson,Texas,1,32.3415,-97.3509
Jim Wells,Texas,1,27.659,-98.0873
Jackson,Texas,1,28.9696,-96.562
Jack,Texas,1,33.2355,-98.1705
Irion,Texas,1,31.3054,-100.9812
Howard,Texas,1,32.2992,-101.4356
Houston,Texas,1,31.26,-95.4349
Hood,Texas,1,32.3932,-97.8161
Hill,Texas,1,31.9888,-97.1227
Henderson,Texas,1,32.1827,-95.8182
Hays,Texas,1,30.065,-98.0268
Haskell,Texas,1,33.1786,-99.7307
Hardeman,Texas,1,34.315,-99.7365
Hamilton,Texas,1,31.7167,-98.0987
Guadalupe,Texas,1,29.6123,-97.9639
Grimes,Texas,1,30.5451,-95.9916
Grayson,Texas,1,33.6831,-96.662
Gonzales,Texas,1,29.4484,-97.5027
Goliad,Texas,1,28.6571,-97.4682
Glasscock,Texas,1,31.8477,-101.5209
Gillespie,Texas,1,30.3291,-98.9457
Garza,Texas,1,33.1798,-101.298
Frio,Texas,1,28.8624,-99.1075
Freestone,Texas,1,31.7139,-96.1581
Foard,Texas,1,33.9777,-99.7617
Floyd,Texas,1,34.069,-101.303
Fisher,Texas,1,32.7425,-100.4024
Fayette,Texas,1,29.8921,-96.9151
Falls,Texas,1,31.2537,-96.9393
Erath,Texas,1,32.214,-98.2274
Ellis,Texas,1,32.3014,-96.7619
Edwards,Texas,1,29.9663,-100.3478
Eastland,Texas,1,32.2936,-98.8015
Duval,Texas,1,27.6613,-98.5174
Dimmit,Texas,1,28.4132,-99.7548
Dickens,Texas,1,33.6166,-100.7789
DeWitt,Texas,1,29.0996,-97.3051
Denton,Texas,1,33.2078,-97.1156
Dawson,Texas,1,32.737,-101.9478
Dallas,Texas,1,32.7661,-96.7774
Crosby,Texas,1,33.6161,-101.3
Crockett,Texas,1,30.6879,-101.3732
Cottle,Texas,1,34.0712,-100.2829
Coryell,Texas,1,31.394,-97.8008
Cooke,Texas,1,33.6877,-97.2144
Concho,Texas,1,31.3218,-99.8577
Comanche,Texas,1,31.9702,-98.5993
Comal,Texas,1,29.8168,-98.2891
Colorado,Texas,1,29.6055,-96.5236
Collin,Texas,1,33.1929,-96.5676
Coleman,Texas,1,31.7432,-99.4612
Coke,Texas,1,31.8934,-100.5296
Clay,Texas,1,33.81,-98.2007
Callahan,Texas,1,32.2983,-99.3739
Caldwell,Texas,1,29.8519,-97.6266
Burnet,Texas,1,30.7338,-98.1859
Burleson,Texas,1,30.5133,-96.6354
Brown,Texas,1,31.7664,-98.958
Brazos,Texas,1,30.6529,-96.3806
Bosque,Texas,1,31.8982,-97.6486
Borden,Texas,1,32.7474,-101.4322
Blanco,Texas,1,30.2172,-98.4077
Bexar,Texas,1,29.4377,-98.4722
Bell,Texas,1,31.0402,-97.51
Bee,Texas,1,28.4248,-97.7101
Baylor,Texas,1,33.616,-99.2137
Bastrop,Texas,1,30.1035,-97.3242
Bandera,Texas,1,29.729,-99.2012
Austin,Texas,1,29.8495,-96.275
Atascosa,Texas,1,28.9347,-98.5218
Archer,Texas,1,33.6138,-98.6883
Anderson,Texas,1,31.7951,-95.6887
Ziebach,South Dakota,1,44.994,-101.7505
Yankton,South Dakota,1,42.9885,-97.3979
West Washabaugh,South Dakota,1,,
Walworth,South Dakota,1,45.4185,-100.0052
Union,South Dakota,1,42.7825,-96.7134
Turner,South Dakota,1,43.2823,-97.1623
Tripp,South Dakota,1,43.3729,-99.874
Todd,South Dakota,1,43.2001,-100.7209
Sully,South Dakota,1,44.7218,-100.1486
Stanley,South Dakota,1,44.4757,-100.8679
Spink,South Dakota,1,44.9383,-98.3497
Sanborn,South Dakota,1,44.0181,-98.0913
Roberts,South Dakota,1,45.6165,-97.0395
Potter,South Dakota,1,45.0726,-99.9482
Perkins,South Dakota,1,45.4847,-102.4752
Pennington,South Dakota,1,44.0997,-103.0311
Oglala Lakota,South Dakota,1,43.3559,-102.5556
Moody,South Dakota,1,44.0178,-96.671
Minnehaha,South Dakota,1,43.6819,-96.7914
Miner,South Dakota,1,44.0156,-97.6104
Mellette,South Dakota,1,43.6213,-100.7295
Meade,South Dakota,1,44.5827,-102.7842
McPherson,South Dakota,1,45.7725,-99.2213
McCook,South Dakota,1,43.6809,-97.368
Marshall,South Dakota,1,45.7472,-97.6034
Lyman,South Dakota,1,43.8596,-99.8372
Lincoln,South Dakota,1,43.2924,-96.7518
Lake,South Dakota,1,44.0162,-97.1294
Kingsbury,South Dakota,1,44.3874,-97.491
Jones,South Dakota,1,43.9467,-100.7155
Jerauld,South Dakota,1,44.0666,-98.6291
Jackson,South Dakota,1,43.6926,-101.6317
Hyde,South Dakota,1,44.538,-99.4821
Hutchinson,South Dakota,1,43.3148,-97.7556
Hughes,South Dakota,1,44.3239,-99.9126
Hanson,South Dakota,1,43.676,-97.7865
Hand,South Dakota,1,44.538,-99.0009
Hamlin,South Dakota,1,44.6668,-97.1884
Haakon,South Dakota,1,44.365,-101.5781
Gregory,South Dakota,1,43.2494,-99.2429
Grant,South Dakota,1,45.1518,-96.7912
Faulk,South Dakota,1,45.0748,-99.1452
Edmunds,South Dakota,1,45.3854,-99.2152
Douglas,South Dakota,1,43.3497,-98.3573
Dewey,South Dakota,1,45.1005,-100.9055
Deuel,South Dakota,1,44.7615,-96.668
Day,South Dakota,1,45.3724,-97.6037
Davison,South Dakota,1,43.6763,-98.1462
Corson,South Dakota,1,45.7135,-101.1566
Codington,South Dakota,1,44.9775,-97.1883
Clay,South Dakota,1,42.888,-96.9833
Clark,South Dakota,1,44.8426,-97.7342
Charles Mix,South Dakota,1,43.1697,-98.475
Campbell,South Dakota,1,45.7701,-100.034
Buffalo,South Dakota,1,44.0651,-99.2264
Brule,South Dakota,1,43.7182,-99.101
Brown,South Dakota,1,45.5899,-98.3509
Brookings,South Dakota,1,44.3681,-96.7905
Bon Homme,South Dakota,1,42.9662,-97.8652
Bennett,South Dakota,1,43.1945,-101.6686
Beadle,South Dakota,1,44.4159,-98.2773
Aurora,South Dakota,1,43.7246,-98.5603
York,South Carolina,1,34.9926,-81.1884
Union,South Carolina,1,34.6789,-81.6396
Sumter,South Carolina,1,33.9067,-80.3414
Spartanburg,South Carolina,1,34.8864,-81.9815
Saluda,South Carolina,1,34.0012,-81.7467
Richland,South Carolina,1,34.0064,-80.8509
Pickens,South Carolina,1,34.8536,-82.6924
Orangeburg,South Carolina,1,33.4424,-80.8092
Oconee,South Carolina,1,34.7647,-83.1063
Newberry,South Carolina,1,34.3026,-81.6234
McCormick,South Carolina,1,33.8361,-82.2353
Lexington,South Carolina,1,33.9239,-81.2837
Laurens,South Carolina,1,34.4974,-81.982
Lancaster,South Carolina,1,34.7677,-80.695
Kershaw,South Carolina,1,34.3432,-80.5564
Jasper,South Carolina,1,32.3944,-81.0109
Hampton,South Carolina,1,32.789,-81.1028
Greenwood,South Carolina,1,34.1825,-82.0799
Greenville,South Carolina,1,34.8506,-82.3557
Edgefield,South Carolina,1,33.7548,-81.9474
Chester,South Carolina,1,34.682,-81.1658
Cherokee,South Carolina,1,35.0121,-81.6338
Charleston,South Carolina,1,32.7585,-80.1952
Calhoun,South Carolina,1,33.6735,-80.7857
Beaufort,South Carolina,1,32.4803,-80.6733
Barnwell,South Carolina,1,33.2872,-81.4301
Bamberg,South Carolina,1,33.2334,-81.0342
Anderson,South Carolina,1,34.5146,-82.6588
Allendale,South Carolina,1,32.9515,-81.3641
Aiken,South Carolina,1,33.5377,-81.6614
Abbeville,South Carolina,1,34.2476,-82.474
Wayne,Pennsylvania,1,41.6172,-75.2609
Schuylkill,Pennsylvania,1,40.7235,-76.1529
Pike,Pennsylvania,1,41.3416,-75.0513
Philadelphia,Pennsylvania,1,40.0048,-75.1385
Northampton,Pennsylvania,1,40.7524,-75.3992
Montgomery,Pennsylvania,1,40.2123,-75.3632
Monroe,Pennsylvania,1,41.033,-75.292
Lehigh,Pennsylvania,1,40.6036,-75.584
Delaware,Pennsylvania,1,39.9362,-75.3767
Chester,Pennsylvania,1,39.9818,-75.7096
Carbon,Pennsylvania,1,40.9346,-75.7493
Bucks,Pennsylvania,1,40.3311,-75.1338
Berks,Pennsylvania,1,40.4065,-75.9294
Wheeler,Oregon,1,44.6956,-120.0197
Wasco,Oregon,1,45.2651,-121.2515
Wallowa,Oregon,1,45.5415,-117.127
Union,Oregon,1,45.401,-118.046
Umatilla,Oregon,1,45.5072,-118.6314
Sherman,Oregon,1,45.4107,-120.6856
Morrow,Oregon,1,45.4638,-119.5752
Malheur,Oregon,1,43.2329,-117.6274
Lake,Oregon,1,42.8178,-120.6468
Klamath,Oregon,1,42.8067,-121.8166
Josephine,Oregon,1,42.3912,-123.6336
Jefferson,Oregon,1,44.6083,-121.0936
Jackson,Oregon,1,42.5019,-122.7562
Harney,Oregon,1,43.0263,-119.0802
Grant,Oregon,1,44.4798,-119.009
Gilliam,Oregon,1,45.44,-120.2443
Deschutes,Oregon,1,44.0035,-121.4056
Crook,Oregon,1,44.1294,-120.3221
Baker,Oregon,1,44.6697,-117.7972
Ward,North Dakota,1,48.3313,-101.4681
Stutsman,North Dakota,1,46.9802,-98.957
Sargent,North Dakota,1,46.109,-97.6335
Richland,North Dakota,1,46.2843,-96.9388
Ransom,North Dakota,1,46.4568,-97.6572
Mountrail,North Dakota,1,48.1518,-102.3751
Mercer,North Dakota,1,47.2786,-101.7146
McLean,North Dakota,1,47.5039,-101.0353
McKenzie,North Dakota,1,47.7125,-103.3429
McIntosh,North Dakota,1,46.1117,-99.4415
Logan,North Dakota,1,46.4581,-99.477
LaMoure,North Dakota,1,46.4568,-98.5357
Kidder,North Dakota,1,46.9801,-99.7608
Grant,North Dakota,1,46.3641,-101.548
Emmons,North Dakota,1,46.2896,-100.2458
Dunn,North Dakota,1,47.4051,-102.6524
Dickey,North Dakota,1,46.1117,-98.5056
Burleigh,North Dakota,1,46.9823,-100.5255
Yadkin,North Carolina,1,36.1664,-80.657
Wilson,North Carolina,1,35.7201,-77.9431
Wilkes,North Carolina,1,36.2151,-81.1701
Wayne,North Carolina,1,35.3725,-77.9812
Warren,North Carolina,1,36.3734,-78.1029
Wake,North Carolina,1,35.798,-78.6094
Vance,North Carolina,1,36.3447,-78.3979
Union,North Carolina,1,35.0113,-80.5626
Surry,North Carolina,1,36.4,-80.7065
Stokes,North Carolina,1,36.409,-80.2393
Stanly,North Carolina,1,35.323,-80.2478
Rutherford,North Carolina,1,35.3967,-81.9147
Rowan,North Carolina,1,35.6834,-80.5507
Rockingham,North Carolina,1,36.3943,-79.7777
Richmond,North Carolina,1,34.9947,-79.7277
Randolph,North Carolina,1,35.7161,-79.8027
Polk,North Carolina,1,35.2971,-82.1763
Person,North Carolina,1,36.3907,-78.9725
Orange,North Carolina,1,36.0541,-79.1222
Nash,North Carolina,1,35.9636,-77.977
Moore,North Carolina,1,35.2784,-79.4623
Montgomery,North Carolina,1,35.3237,-79.8985
Mecklenburg,North Carolina,1,35.2586,-80.831
Lincoln,North Carolina,1,35.485,-81.2181
Lee,North Carolina,1,35.4674,-79.1892
Johnston,North Carolina,1,35.5376,-78.3875
Iredell,North Carolina,1,35.7741,-80.9217
Harnett,North Carolina,1,35.3877,-78.839
Guilford,North Carolina,1,36.0738,-79.7901
Granville,North Carolina,1,36.2968,-78.6558
Gaston,North Carolina,1,35.2834,-81.1822
Franklin,North Carolina,1,36.0416,-78.3303
Forsyth,North Carolina,1,36.1176,-80.2522
Edgecombe,North Carolina,1,35.9136,-77.578
Durham,North Carolina,1,36.0511,-78.8681
Davie,North Carolina,1,35.9021,-80.5375
Davidson,North Carolina,1,35.7656,-80.2531
Columbus,North Carolina,1,34.215,-78.6198
Cleveland,North Carolina,1,35.3743,-81.5594
Chatham,North Carolina,1,35.678,-79.2599
Catawba,North Carolina,1,35.6888,-81.2042
Caswell,North Carolina,1,36.3928,-79.3352
Caldwell,North Carolina,1,35.9399,-81.5596
Cabarrus,North Carolina,1,35.3455,-80.5464
Burke,North Carolina,1,35.7795,-81.7535
Bladen,North Carolina,1,34.6121,-78.5716
Anson,North Carolina,1,35.0087,-80.0992
Alexander,North Carolina,1,35.9161,-81.181
Alamance,North Carolina,1,36.0473,-79.4006
Westchester,New York,1,41.1249,-73.7718
Ulster,New York,1,41.8791,-74.2028
Sullivan,New York,1,41.7194,-74.7908
Suffolk,New York,1,40.9086,-72.9176
Rockland,New York,1,41.1589,-74.0653
Richmond,New York,1,40.5726,-74.1446
Queens,New York,1,40.7043,-73.8196
Putnam,New York,1,41.4237,-73.7555
Orange,New York,1,41.3876,-74.3315
New York,New York,1,40.7882,-73.9605
Nassau,New York,1,40.7554,-73.573
Kings,New York,1,40.6553,-73.9391
Dutchess,New York,1,41.7622,-73.728
Delaware,New York,1,42.1831,-74.9537
Union,New Mexico,1,36.3704,-103.5249
Sandoval,New Mexico,1,35.7068,-106.7786
San Juan,New Mexico,1,36.5045,-108.3355
Roosevelt,New Mexico,1,34.0899,-103.4948
Rio Arriba,New Mexico,1,36.4672,-106.7823
Quay,New Mexico,1,35.1756,-103.5469
Harding,New Mexico,1,35.8052,-103.8729
Colfax,New Mexico,1,36.608,-104.6914
Warren,New Jersey,2,40.8438,-74.9606
Union,New Jersey,2,40.6656,-74.2739
Sussex,New Jersey,2,41.1285,-74.6997
Somerset,New Jersey,2,40.5669,-74.6246
Salem,New Jersey,2,39.5844,-75.3039
Passaic,New Jersey,2,41.0117,-74.308
Ocean,New Jersey,2,39.8409,-74.2864
Morris,New Jersey,2,40.8677,-74.5721
Monmouth,New Jersey,2,40.2791,-74.1884
Middlesex,New Jersey,2,40.4306,-74.4006
Mercer,New Jersey,2,40.2809,-74.6827
Hunterdon,New Jersey,2,40.5639,-74.9125
Hudson,New Jersey,2,40.7337,-74.0641
Gloucester,New Jersey,2,39.6999,-75.1442
Essex,New Jersey,2,40.7945,-74.2539
Cumberland,New Jersey,2,39.3728,-75.124
Cape May,New Jersey,2,39.1268,-74.8257
Camden,New Jersey,2,39.8025,-74.9898
Burlington,New Jersey,2,39.8671,-74.6832
Bergen,New Jersey,2,40.9485,-74.0323
Atlantic,New Jersey,2,39.5098,-74.6941
White Pine,Nevada,1,39.4098,-114.9774
Lander,Nevada,1,40.0429,-117.0563
Humboldt,Nevada,1,41.2611,-118.1618
Eureka,Nevada,1,40.0869,-116.2172
Elko,Nevada,1,41.0619,-115.5301
Keya Paha,Nebraska,1,42.8582,-99.7277
Boyd,Nebraska,1,42.8802,-98.6249
Teton,Montana,1,47.8179,-112.1627
Musselshell,Montana,1,46.4464,-108.3212
Missoula,Montana,1,47.1072,-113.9449
Lincoln,Montana,1,48.4634,-115.4496
Golden Valley,Montana,1,46.4005,-109.1318
Glacier,Montana,1,48.6561,-112.9653
Wright,Missouri,1,37.2725,-92.4725
Worth,Missouri,1,40.4778,-94.4318
Webster,Missouri,1,37.2756,-92.8844
Wayne,Missouri,1,37.1184,-90.5006
Washington,Missouri,1,37.9701,-90.868
Warren,Missouri,1,38.7692,-91.1898
Vernon,Missouri,1,37.8515,-94.3425
Texas,Missouri,1,37.3295,-91.9496
Taney,Missouri,1,36.6632,-93.0397
Sullivan,Missouri,1,40.2195,-93.1111
Stone,Missouri,1,36.7415,-93.4417
St. Louis,Missouri,1,38.6443,-90.5089
St. Francois,Missouri,1,37.86,-90.5396
St. Clair,Missouri,1,38.0293,-93.7825
St. Charles,Missouri,1,38.7506,-90.7313
Shelby,Missouri,1,39.7834,-92.0688
Shannon,Missouri,1,37.1531,-91.3443
Scott,Missouri,1,37.0569,-89.5778
Scotland,Missouri,1,40.4469,-92.1481
Schuyler,Missouri,1,40.4709,-92.5271
Saline,Missouri,1,39.1699,-93.1932
Ripley,Missouri,1,36.663,-90.8575
Reynolds,Missouri,1,37.3418,-90.9633
Ray,Missouri,1,39.3318,-93.9855
Randolph,Missouri,1,39.4287,-92.5051
Ralls,Missouri,1,39.5072,-91.5365
Pulaski,Missouri,1,37.8222,-92.2172
Polk,Missouri,1,37.623,-93.3955
Platte,Missouri,1,39.3441,-94.7555
Pike,Missouri,1,39.3683,-91.1708
Phelps,Missouri,1,37.8779,-91.7751
Pettis,Missouri,1,38.7213,-93.2813
Ozark,Missouri,1,36.6527,-92.4424
Osage,Missouri,1,38.4977,-91.8255
Oregon,Missouri,1,36.6933,-91.3993
Nodaway,Missouri,1,40.3528,-94.8889
Morgan,Missouri,1,38.4384,-92.852
Montgomery,Missouri,1,38.9155,-91.4522
Monroe,Missouri,1,39.5012,-92.0092
Moniteau,Missouri,1,38.672,-92.6281
Miller,Missouri,1,38.2239,-92.4463
Mercer,Missouri,1,40.4226,-93.5657
Marion,Missouri,1,39.8028,-91.607
Maries,Missouri,1,38.1513,-91.9061
Madison,Missouri,1,37.4749,-90.3456
Macon,Missouri,1,39.8195,-92.5733
Livingston,Missouri,1,39.7889,-93.5615
Linn,Missouri,1,39.8713,-93.1084
Lincoln,Missouri,1,39.0483,-90.9874
Lafayette,Missouri,1,39.1019,-93.7971
Laclede,Missouri,1,37.6879,-92.5972
Knox,Missouri,1,40.1321,-92.1478
Johnson,Missouri,1,38.7483,-93.8131
Jefferson,Missouri,1,38.2529,-90.5695
Jackson,Missouri,1,39.039,-94.3583
Iron,Missouri,1,37.5072,-90.6587
Howell,Missouri,1,36.7824,-91.8936
Howard,Missouri,1,39.1583,-92.6917
Hickory,Missouri,1,37.9393,-93.2909
Henry,Missouri,1,38.3849,-93.7916
Harrison,Missouri,1,40.3566,-93.9891
Grundy,Missouri,1,40.1149,-93.5655
Greene,Missouri,1,37.2588,-93.3336
Gentry,Missouri,1,40.2114,-94.4104
Gasconade,Missouri,1,38.4294,-91.5057
Franklin,Missouri,1,38.4568,-91.052
Douglas,Missouri,1,36.9281,-92.4991
Dent,Missouri,1,37.6036,-91.4819
DeKalb,Missouri,1,39.8962,-94.4047
Daviess,Missouri,1,39.9617,-93.9832
Dallas,Missouri,1,37.6614,-93.012
Crawford,Missouri,1,37.9553,-91.3106
Cooper,Missouri,1,38.8709,-92.7894
Cole,Missouri,1,38.5307,-92.2447
Clinton,Missouri,1,39.6007,-94.4041
Clay,Missouri,1,39.2858,-94.4063
Clark,Missouri,1,40.4319,-91.7323
Christian,Missouri,1,36.955,-93.122
Chariton,Missouri,1,39.4648,-92.9621
Cedar,Missouri,1,37.7342,-93.8397
Cass,Missouri,1,38.6442,-94.364
Carter,Missouri,1,36.9581,-90.9582
Carroll,Missouri,1,39.4112,-93.4723
Camden,Missouri,1,38.0296,-92.7914
Callaway,Missouri,1,38.8109,-91.8934
Caldwell,Missouri,1,39.6568,-93.9822
Butler,Missouri,1,36.7128,-90.3906
Buchanan,Missouri,1,39.6759,-94.8051
Boone,Missouri,1,38.9469,-92.3414
Benton,Missouri,1,38.2997,-93.2977
Bates,Missouri,1,38.2475,-94.3433
Audrain,Missouri,1,39.202,-91.7624
Andrew,Missouri,1,39.9749,-94.8019
Adair,Missouri,1,40.1904,-92.6009
Yellow Medicine,Minnesota,1,44.7393,-95.9397
Wright,Minnesota,1,45.2011,-93.9507
Winona,Minnesota,1,44.0197,-91.795
Wilkin,Minnesota,1,46.3271,-96.4431
Watonwan,Minnesota,1,43.9851,-94.6141
Washington,Minnesota,1,45.0213,-92.8735
Wadena,Minnesota,1,46.59,-94.9678
Traverse,Minnesota,1,45.805,-96.4285
Todd,Minnesota,1,46.0722,-94.897
Swift,Minnesota,1,45.2755,-95.6862
Stevens,Minnesota,1,45.5888,-96.0058
Steele,Minnesota,1,44.0223,-93.2259
Stearns,Minnesota,1,45.5294,-94.6407
St. Louis,Minnesota,1,47.6532,-92.4287
Sibley,Minnesota,1,44.5871,-94.2659
Sherburne,Minnesota,1,45.4032,-93.7579
Scott,Minnesota,1,44.6795,-93.5028
Rock,Minnesota,1,43.6746,-96.2532
Renville,Minnesota,1,44.6747,-94.9703
Redwood,Minnesota,1,44.4497,-95.2299
Red Lake,Minnesota,1,47.8625,-96.0957
Ramsey,Minnesota,1,45.0067,-93.0961
Pope,Minnesota,1,45.5997,-95.4491
Polk,Minnesota,1,47.8374,-96.6696
Pipestone,Minnesota,1,44.0241,-96.2588
Pine,Minnesota,1,46.0796,-92.6745
Pennington,Minnesota,1,48.0653,-96.0466
Otter Tail,Minnesota,1,46.411,-95.718
Olmsted,Minnesota,1,44.0156,-92.3784
Norman,Minnesota,1,47.3253,-96.4513
Nobles,Minnesota,1,43.6789,-95.7531
Nicollet,Minnesota,1,44.3061,-94.2046
Murray,Minnesota,1,44.0223,-95.7634
Mower,Minnesota,1,43.6783,-92.7495
Morrison,Minnesota,1,46.0635,-94.2293
Mille Lacs,Minnesota,1,45.9017,-93.6432
Meeker,Minnesota,1,45.0974,-94.5065
McLeod,Minnesota,1,44.8107,-94.2539
Martin,Minnesota,1,43.6862,-94.5511
Marshall,Minnesota,1,48.359,-96.3698
Mahnomen,Minnesota,1,47.327,-95.809
Lyon,Minnesota,1,44.4074,-95.8367
Lincoln,Minnesota,1,44.408,-96.2656
Le Sueur,Minnesota,1,44.3701,-93.7434
Lake,Minnesota,1,47.5746,-91.4059
Lac qui Parle,Minnesota,1,45.0373,-96.1741
Koochiching,Minnesota,1,48.3081,-93.7598
Kandiyohi,Minnesota,1,45.1587,-95.0019
Kanabec,Minnesota,1,45.9423,-93.3307
Jackson,Minnesota,1,43.6789,-95.1538
Itasca,Minnesota,1,47.4638,-93.5723
Isanti,Minnesota,1,45.5694,-93.3266
Hubbard,Minnesota,1,47.1112,-94.9167
Houston,Minnesota,1,43.6745,-91.5014
Hennepin,Minnesota,1,45.012,-93.4873
Grant,Minnesota,1,45.9343,-96.0116
Fillmore,Minnesota,1,43.6761,-92.0901
Douglas,Minnesota,1,45.9337,-95.4525
Dodge,Minnesota,1,44.0246,-92.8619
Dakota,Minnesota,1,44.6986,-93.0252
Crow Wing,Minnesota,1,46.4798,-94.0703
Cottonwood,Minnesota,1,44.0291,-95.1608
Cook,Minnesota,1,47.8562,-90.4756
Clearwater,Minnesota,1,47.5919,-95.3691
Clay,Minnesota,1,46.8912,-96.4728
Chisago,Minnesota,1,45.5139,-92.8742
Chippewa,Minnesota,1,44.9523,-95.5279
Cass,Minnesota,1,46.8828,-94.2174
Carver,Minnesota,1,44.8101,-93.7653
Carlton,Minnesota,1,46.6091,-92.6775
Brown,Minnesota,1,44.3034,-94.6524
Blue Earth,Minnesota,1,44.0567,-94.0688
Big Stone,Minnesota,1,45.3816,-96.333
Benton,Minnesota,1,45.6899,-93.9838
Beltrami,Minnesota,1,47.9786,-94.8401
Becker,Minnesota,1,46.9277,-95.6682
Anoka,Minnesota,1,45.2255,-93.243
Aitkin,Minnesota,1,46.6066,-93.4206
Wexford,Michigan,1,44.3357,-85.5789
Schoolcraft,Michigan,1,46.1369,-86.1775
Roscommon,Michigan,1,44.3421,-84.612
Presque Isle,Michigan,1,45.4127,-84.0168
Otsego,Michigan,1,45.0285,-84.6094
Oscoda,Michigan,1,44.6802,-84.1299
Osceola,Michigan,1,43.989,-85.3253
Ontonagon,Michigan,1,46.6939,-89.364
Ogemaw,Michigan,1,44.3354,-84.1265
Oceana,Michigan,1,43.6446,-86.2899
Montmorency,Michigan,1,45.0287,-84.1298
Missaukee,Michigan,1,44.3375,-85.0957
Menominee,Michigan,1,45.5419,-87.5359
Mecosta,Michigan,1,43.641,-85.3244
Mason,Michigan,1,43.9975,-86.2606
Marquette,Michigan,1,46.4541,-87.6166
Manistee,Michigan,1,44.3411,-86.0462
Mackinac,Michigan,1,46.0418,-84.9015
Luce,Michigan,1,46.4984,-85.5522
Leelanau,Michigan,1,44.9933,-85.7066
Lake,Michigan,1,43.9949,-85.8016
Kalkaska,Michigan,1,44.6868,-85.0916
Isabella,Michigan,1,43.6469,-84.8472
Iron,Michigan,1,46.1619,-88.5543
Iosco,Michigan,1,44.3368,-83.6086
Houghton,Michigan,1,46.8547,-88.7422
Grand Traverse,Michigan,1,44.7525,-85.6908
Gogebic,Michigan,1,46.4324,-89.7644
Gladwin,Michigan,1,43.9866,-84.3862
Emmet,Michigan,1,45.5315,-84.9213
Dickinson,Michigan,1,45.9809,-87.8673
Delta,Michigan,1,45.8554,-87.1712
Crawford,Michigan,1,44.679,-84.6107
Clare,Michigan,1,43.9892,-84.847
Chippewa,Michigan,1,46.357,-84.6847
Cheboygan,Michigan,1,45.4927,-84.4897
Charlevoix,Michigan,1,45.2443,-85.059
Benzie,Michigan,1,44.6464,-86.0352
Baraga,Michigan,1,46.7009,-88.3348
Arenac,Michigan,1,44.0369,-83.9226
Antrim,Michigan,1,45.011,-85.1136
Alpena,Michigan,1,45.032,-83.6662
Alger,Michigan,1,46.425,-86.8882
Alcona,Michigan,1,44.6843,-83.5837
Sioux,Iowa,1,43.0847,-96.1572
Plymouth,Iowa,1,42.7356,-96.2455
Lyon,Iowa,1,43.3789,-96.1922
Washington,Idaho,1,44.4975,-116.8616
Lincoln,Idaho,1,42.9844,-114.1546
Idaho,Idaho,1,45.8945,-115.5619
Elmore,Idaho,1,43.4545,-115.5288
Caribou,Idaho,1,42.7202,-111.5787
Camas,Idaho,1,43.5285,-114.836
Blaine,Idaho,1,43.3095,-113.8783
Bear Lake,Idaho,1,42.3017,-111.3162
Adams,Idaho,1,44.8572,-116.5409
Wilkinson,Georgia,1,32.7966,-83.1537
Wilkes,Georgia,1,33.7943,-82.7783
Wilcox,Georgia,1,31.989,-83.45
Whitfield,Georgia,1,34.802,-84.9888
White,Georgia,1,34.6527,-83.7674
Wheeler,Georgia,1,32.1146,-82.7647
Webster,Georgia,1,32.0757,-84.538
Wayne,Georgia,1,31.5786,-81.9153
Washington,Georgia,1,32.9975,-82.7988
Warren,Georgia,1,33.4325,-82.7019
Ware,Georgia,1,31.0216,-82.3674
Walton,Georgia,1,33.7621,-83.7467
Walker,Georgia,1,34.7861,-85.3261
Upson,Georgia,1,32.847,-84.2938
Twiggs,Georgia,1,32.6753,-83.4428
Troup,Georgia,1,33.0462,-85.0417
Treutlen,Georgia,1,32.4032,-82.5473
Toombs,Georgia,1,32.1275,-82.3265
Tift,Georgia,1,31.4588,-83.5179
Thomas,Georgia,1,30.8684,-83.9073
Telfair,Georgia,1,31.9642,-82.9136
Taylor,Georgia,1,32.56,-84.2449
Tattnall,Georgia,1,32.0537,-82.0532
Taliaferro,Georgia,1,33.5857,-82.857
Talbot,Georgia,1,32.7045,-84.519
Sumter,Georgia,1,32.0502,-84.2061
Stewart,Georgia,1,32.0762,-84.8492
Stephens,Georgia,1,34.5742,-83.2794
Spalding,Georgia,1,33.2657,-84.27
Seminole,Georgia,1,30.8925,-84.8506
Screven,Georgia,1,32.7678,-81.6249
Schley,Georgia,1,32.2933,-84.3163
Rockdale,Georgia,1,33.6557,-84.012
Richmond,Georgia,1,33.3856,-82.0915
Putnam,Georgia,1,33.3256,-83.3438
Pulaski,Georgia,1,32.2541,-83.4876
Polk,Georgia,1,33.9981,-85.1824
Pike,Georgia,1,33.0887,-84.3827
Pierce,Georgia,1,31.3665,-82.2213
Pickens,Georgia,1,34.4696,-84.4869
Peach,Georgia,1,32.5654,-83.8325
Paulding,Georgia,1,33.9259,-84.8869
Oglethorpe,Georgia,1,33.8688,-83.0903
Oconee,Georgia,1,33.832,-83.416
Newton,Georgia,1,33.5555,-83.8413
Murray,Georgia,1,34.786,-84.7429
Morgan,Georgia,1,33.6264,-83.5086
Montgomery,Georgia,1,32.1518,-82.5334
Monroe,Georgia,1,33.0262,-83.8828
Mitchell,Georgia,1,31.2606,-84.1797
Miller,Georgia,1,31.1629,-84.7302
Meriwether,Georgia,1,33.039,-84.6999
McIntosh,Georgia,1,31.4956,-81.4702
McDuffie,Georgia,1,33.4859,-82.496
Marion,Georgia,1,32.3437,-84.5242
Madison,Georgia,1,34.1361,-83.2063
Macon,Georgia,1,32.3532,-84.0509
Lumpkin,Georgia,1,34.5765,-84.0269
Lowndes,Georgia,1,30.8282,-83.2435
Long,Georgia,1,31.7775,-81.797
Lincoln,Georgia,1,33.8109,-82.4499
Liberty,Georgia,1,31.8255,-81.5252
Lee,Georgia,1,31.7691,-84.1367
Laurens,Georgia,1,32.4323,-82.9229
Lanier,Georgia,1,31.0139,-83.0752
Lamar,Georgia,1,33.0706,-84.1453
Jones,Georgia,1,33.0137,-83.5574
Johnson,Georgia,1,32.6656,-82.6422
Jenkins,Georgia,1,32.7878,-81.9779
Jefferson,Georgia,1,33.0376,-82.4451
Jeff Davis,Georgia,1,31.8214,-82.666
Jasper,Georgia,1,33.3294,-83.6903
Jackson,Georgia,1,34.1326,-83.5846
Irwin,Georgia,1,31.6216,-83.2681
Houston,Georgia,1,32.4877,-83.6449
Henry,Georgia,1,33.4724,-84.1195
Heard,Georgia,1,33.2797,-85.1124
Hart,Georgia,1,34.3518,-82.9594
Harris,Georgia,1,32.7279,-84.8993
Haralson,Georgia,1,33.7836,-85.2066
Hancock,Georgia,1,33.2596,-82.9988
Hall,Georgia,1,34.3063,-83.7851
Habersham,Georgia,1,34.6308,-83.5159
Gwinnett,Georgia,1,33.9601,-84.0453
Greene,Georgia,1,33.5582,-83.1539
Grady,Georgia,1,30.8775,-84.2288
Gordon,Georgia,1,34.5244,-84.8721
Glynn,Georgia,1,31.2334,-81.5432
Glascock,Georgia,1,33.2234,-82.6236
Fulton,Georgia,1,33.845,-84.4039
Franklin,Georgia,1,34.3836,-83.2429
Forsyth,Georgia,1,34.193,-84.1509
Floyd,Georgia,1,34.335,-85.194
Fayette,Georgia,1,33.4038,-84.5001
Emanuel,Georgia,1,32.5672,-82.3078
Elbert,Georgia,1,34.1232,-82.8596
Effingham,Georgia,1,32.346,-81.3226
Echols,Georgia,1,30.732,-82.9459
Early,Georgia,1,31.2959,-84.8656
Douglas,Georgia,1,33.69,-84.7665
Dooly,Georgia,1,32.1604,-83.8203
Dodge,Georgia,1,32.1735,-83.1512
DeKalb,Georgia,1,33.7931,-84.22
Decatur,Georgia,1,30.8823,-84.5722
Dawson,Georgia,1,34.4804,-84.2231
Dade,Georgia,1,34.8062,-85.5116
Crisp,Georgia,1,31.9167,-83.7665
Crawford,Georgia,1,32.6937,-83.9622
Coweta,Georgia,1,33.3514,-84.7798
Cook,Georgia,1,31.1889,-83.4296
Columbia,Georgia,1,33.5274,-82.2215
Colquitt,Georgia,1,31.1805,-83.77
Coffee,Georgia,1,31.5867,-82.8437
Cobb,Georgia,1,33.9125,-84.585
Clinch,Georgia,1,30.8844,-82.7311
Clayton,Georgia,1,33.5008,-84.352
Clarke,Georgia,1,33.9437,-83.3976
Cherokee,Georgia,1,34.2442,-84.4561
Chattooga,Georgia,1,34.4379,-85.337
Chattahoochee,Georgia,1,32.378,-84.8
Chatham,Georgia,1,32.0419,-81.1414
Charlton,Georgia,1,30.7162,-82.1044
Catoosa,Georgia,1,34.8771,-85.1438
Carroll,Georgia,1,33.6142,-85.1175
Candler,Georgia,1,32.4128,-82.0614
Camden,Georgia,1,30.9392,-81.677
Butts,Georgia,1,33.3124,-83.948
Burke,Georgia,1,33.0511,-81.9246
Bulloch,Georgia,1,32.4037,-81.7281
Bryan,Georgia,1,31.9846,-81.4508
Brooks,Georgia,1,30.8589,-83.5455
Brantley,Georgia,1,31.1925,-82.0272
Bleckley,Georgia,1,32.4283,-83.345
Bibb,Georgia,1,32.8066,-83.6856
Berrien,Georgia,1,31.251,-83.1933
Ben Hill,Georgia,1,31.7537,-83.1608
Bartow,Georgia,1,34.2431,-84.8388
Barrow,Georgia,1,34.0119,-83.7101
Banks,Georgia,1,34.3445,-83.5214
Baldwin,Georgia,1,33.0582,-83.2522
Baker,Georgia,1,31.2669,-84.4974
Bacon,Georgia,1,31.5642,-82.446
Atkinson,Georgia,1,31.302,-82.8413
Appling,Georgia,1,31.7234,-82.3271
Sussex,Delaware,1,38.7069,-75.3935
New Castle,Delaware,1,39.5657,-75.6751
Kent,Delaware,1,39.0975,-75.5721
Teller,Colorado,1,38.8999,-105.1784
Summit,Colorado,1,39.6418,-106.0037
San Miguel,Colorado,1,37.9642,-108.4124
Saguache,Colorado,1,38.1037,-106.3318
Routt,Colorado,1,40.4633,-107.0432
Rio Grande,Colorado,1,37.6147,-106.3753
Pueblo,Colorado,1,38.1295,-104.5533
Prowers,Colorado,1,37.9638,-102.3926
Pitkin,Colorado,1,39.1721,-106.9304
Park,Colorado,1,39.1322,-105.7895
Ouray,Colorado,1,38.1129,-107.7265
Otero,Colorado,1,37.9522,-103.7289
Montrose,Colorado,1,38.4125,-108.2803
Montezuma,Colorado,1,37.3197,-108.6287
Moffat,Colorado,1,40.6098,-108.1812
Mineral,Colorado,1,37.6844,-106.9202
Mesa,Colorado,1,38.9347,-108.5839
Lincoln,Colorado,1,39.0461,-103.442
Las Animas,Colorado,1,37.4062,-103.9173
La Plata,Colorado,1,37.3197,-107.8468
Kit Carson,Colorado,1,39.3162,-102.6018
Kiowa,Colorado,1,38.4377,-102.7755
Jackson,Colorado,1,40.664,-106.3228
Huerfano,Colorado,1,37.655,-104.9059
Hinsdale,Colorado,1,37.7857,-107.2992
Gunnison,Colorado,1,38.7039,-106.9748
Grand,Colorado,1,40.0863,-106.1362
Garfield,Colorado,1,39.7184,-107.5261
Fremont,Colorado,1,38.4842,-105.4521
Elbert,Colorado,1,39.2151,-104.189
El Paso,Colorado,1,38.8296,-104.5628
Eagle,Colorado,1,39.6378,-106.6461
Douglas,Colorado,1,39.3483,-104.9202
Dolores,Colorado,1,37.6906,-108.5063
Delta,Colorado,1,38.9419,-107.804
Crowley,Colorado,1,38.298,-103.7784
Costilla,Colorado,1,37.3277,-105.4554
Conejos,Colorado,1,37.1987,-106.1713
Cheyenne,Colorado,1,38.8243,-102.6046
Bent,Colorado,1,37.9496,-103.0698
Baca,Colorado,1,37.3182,-102.5627
Archuleta,Colorado,1,37.2108,-107.0588
Yuba,California,1,39.2797,-121.4381
Yolo,California,1,38.6202,-121.8556
Tuolumne,California,1,38.0348,-119.8851
Tulare,California,1,36.2683,-118.8232
Trinity,California,1,40.6758,-123.1435
Tehama,California,1,40.1258,-122.2124
Sutter,California,1,39.0209,-121.7078
Stanislaus,California,1,37.6113,-120.8765
Sonoma,California,1,38.4826,-122.8587
Solano,California,1,38.29,-121.9027
Siskiyou,California,1,41.5027,-122.5449
Sierra,California,1,39.5877,-120.5103
Shasta,California,1,40.7366,-122.0189
Santa Cruz,California,1,37.0686,-122.0334
Santa Clara,California,1,37.1901,-121.7207
Santa Barbara,California,1,34.7446,-120.0357
San Mateo,California,1,37.4084,-122.3109
San Luis Obispo,California,1,35.3474,-120.336
San Joaquin,California,1,37.8911,-121.2517
San Benito,California,1,36.5945,-121.0306
Sacramento,California,1,38.3836,-121.2729
Plumas,California,1,40.0231,-120.8054
Placer,California,1,39.0148,-120.7424
Nevada,California,1,39.2666,-121.01
Napa,California,1,38.5106,-122.3262
Monterey,California,1,36.3564,-121.494
Modoc,California,1,41.5924,-120.7237
Merced,California,1,37.1882,-120.609
Mendocino,California,1,39.3833,-123.4391
Mariposa,California,1,37.5466,-119.9593
Marin,California,1,38.0685,-122.7009
Madera,California,1,37.2724,-119.6358
Lassen,California,1,40.4545,-120.6616
Lake,California,1,39.1258,-122.7929
Kings,California,1,36.1391,-119.7718
Kern,California,1,35.3032,-118.7204
Inyo,California,1,36.6305,-117.5174
Glenn,California,1,39.5921,-122.4405
Fresno,California,1,36.7515,-119.6373
El Dorado,California,1,38.7852,-120.5254
Contra Costa,California,1,37.8886,-121.9129
Colusa,California,1,39.1694,-122.2067
Calaveras,California,1,38.1718,-120.6567
Butte,California,1,39.7252,-121.5788
Amador,California,1,38.4637,-120.7334
Alpine,California,1,38.6305,-119.8446
Alameda,California,1,37.6798,-121.8648
Yell,Arkansas,1,35.0309,-93.4052
White,Arkansas,1,35.2732,-91.7628
Van Buren,Arkansas,1,35.5767,-92.5285
Stone,Arkansas,1,35.9192,-92.2199
Sharp,Arkansas,1,36.1977,-91.5126
Sebastian,Arkansas,1,35.1908,-94.2342
Searcy,Arkansas,1,35.9134,-92.6797
Scott,Arkansas,1,34.8835,-94.0785
Randolph,Arkansas,1,36.3067,-91.005
Pope,Arkansas,1,35.4305,-93.0741
Polk,Arkansas,1,34.4578,-94.1985
Perry,Arkansas,1,34.9429,-92.881
Newton,Arkansas,1,35.9251,-93.2148
Montgomery,Arkansas,1,34.5437,-93.6686
Marion,Arkansas,1,36.2812,-92.7095
Madison,Arkansas,1,36.0208,-93.6975
Logan,Arkansas,1,35.2226,-93.6541
Johnson,Arkansas,1,35.5483,-93.4628
Jackson,Arkansas,1,35.6224,-91.2038
Izard,Arkansas,1,36.0656,-91.8977
Independence,Arkansas,1,35.735,-91.5822
Garland,Arkansas,1,34.5809,-93.1061
Fulton,Arkansas,1,36.3698,-91.8038
Franklin,Arkansas,1,35.4872,-93.8748
Faulkner,Arkansas,1,35.1076,-92.3337
Crawford,Arkansas,1,35.5652,-94.242
Conway,Arkansas,1,35.2674,-92.6763
Cleburne,Arkansas,1,35.536,-92.0212
Carroll,Arkansas,1,36.3108,-93.5564
Boone,Arkansas,1,36.303,-93.0935
Benton,Arkansas,1,36.2992,-94.2275
Baxter,Arkansas,1,36.233,-92.3172
Yavapai,Arizona,1,34.7064,-112.4429
Pinal,Arizona,1,32.9849,-111.4931
Navajo,Arizona,1,35.3134,-110.2972
Mohave,Arizona,1,35.6177,-113.9958
Graham,Arizona,1,33.0361,-109.958
Coconino,Arizona,1,35.6465,-112.0424
Cochise,Arizona,1,31.8901,-109.7497
Apache,Arizona,1,35.3025,-109.4451
Winston,Alabama,1,34.151,-87.3736
Wilcox,Alabama,1,32.0483,-87.4009
Washington,Alabama,1,31.4071,-88.1879
Walker,Alabama,1,33.7599,-87.2766
Tuscaloosa,Alabama,1,33.3076,-87.5001
Tallapoosa,Alabama,1,32.8004,-85.7978
Talladega,Alabama,1,33.402,-86.1457
Sumter,Alabama,1,32.6525,-88.2171
St. Clair,Alabama,1,33.6907,-86.3647
Shelby,Alabama,1,33.2829,-86.6796
Russell,Alabama,1,32.2863,-85.1791
Randolph,Alabama,1,33.3006,-85.4599
Pike,Alabama,1,31.8394,-85.9279
Pickens,Alabama,1,33.2663,-88.0727
Perry,Alabama,1,32.5916,-87.2881
Morgan,Alabama,1,34.4947,-86.834
Montgomery,Alabama,1,32.2329,-86.2039
Monroe,Alabama,1,31.5303,-87.3817
Mobile,Alabama,1,30.7466,-88.2172
Marshall,Alabama,1,34.3531,-86.3454
Marion,Alabama,1,34.1214,-87.918
Marengo,Alabama,1,32.269,-87.7608
Madison,Alabama,1,34.7333,-86.5722
Macon,Alabama,1,32.4142,-85.7275
Lowndes,Alabama,1,32.1852,-86.6581
Limestone,Alabama,1,34.7752,-87.0313
Lee,Alabama,1,32.5787,-85.3621
Lawrence,Alabama,1,34.5516,-87.3181
Lauderdale,Alabama,1,34.87,-87.5844
Lamar,Alabama,1,33.7932,-88.0966
Jefferson,Alabama,1,33.5455,-86.8602
Jackson,Alabama,1,34.7224,-86.0339
Houston,Alabama,1,31.1562,-85.2809
Henry,Alabama,1,31.5417,-85.2284
Hale,Alabama,1,32.7441,-87.6382
Greene,Alabama,1,32.8362,-88.0005
Geneva,Alabama,1,31.0954,-85.839
Franklin,Alabama,1,34.4509,-87.844
Fayette,Alabama,1,33.7201,-87.7385
Etowah,Alabama,1,34.0211,-86.0433
Escambia,Alabama,1,31.1268,-87.158
Elmore,Alabama,1,32.5877,-86.1519
DeKalb,Alabama,1,34.5306,-85.7226
Dallas,Alabama,1,32.3888,-87.1278
Dale,Alabama,1,31.4079,-85.6038
Cullman,Alabama,1,34.0862,-86.9042
Crenshaw,Alabama,1,31.7415,-86.2967
Covington,Alabama,1,31.2565,-86.4472
Coosa,Alabama,1,32.9278,-86.2616
Conecuh,Alabama,1,31.4682,-86.9508
Colbert,Alabama,1,34.7368,-87.5953
Coffee,Alabama,1,31.399,-85.993
Cleburne,Alabama,1,33.7164,-85.4945
Clay,Alabama,1,33.2947,-85.8155
Clarke,Alabama,1,31.5888,-87.8145
Choctaw,Alabama,1,32.0048,-88.286
Chilton,Alabama,1,32.8658,-86.665
Cherokee,Alabama,1,34.2345,-85.6478
Chambers,Alabama,1,32.9225,-85.3942
Calhoun,Alabama,1,33.7625,-85.8417
Butler,Alabama,1,31.7404,-86.6759
Bullock,Alabama,1,32.0945,-85.7131
Blount,Alabama,1,34.0126,-86.5339
Bibb,Alabama,1,33.0388,-87.0967
Barbour,Alabama,1,31.8832,-85.3931
Baldwin,Alabama,1,30.7725,-87.7842
Autauga,Alabama,1,32.5081,-86.6513
